disease,fever,headache,cough,cold,sore_throat,fatigue,vomiting,nausea,diarrhea,chest_pain,stomach_pain,dizziness,breathing_difficulty,joint_pain,muscle_pain,skin_rash,loss_of_appetite,weight_loss,frequent_urination,high_temperature,sweating,chills,runny_nose,body_ache,swollen_lymph_nodes
Common Cold,0,1,1,1,1,1,0,0,0,0,0,0,0,0,0,0,0,0,0,0,0,0,1,0,0
Common Cold,0,0,1,1,1,1,0,0,0,0,0,0,0,0,0,0,0,0,0,0,0,0,1,0,0
Common Cold,0,1,1,1,0,0,0,0,0,0,0,0,0,0,0,0,0,0,0,0,0,0,1,0,0
Common Cold,0,0,1,1,1,0,0,0,0,0,0,0,0,0,0,0,0,0,0,0,0,0,1,0,0
Common Cold,0,1,0,1,1,1,0,0,0,0,0,0,0,0,0,0,0,0,0,0,0,0,1,0,0
Common Cold,0,1,1,0,1,1,0,0,0,0,0,0,0,0,0,0,0,0,0,0,0,0,0,0,0
Common Cold,0,0,1,1,0,1,0,0,0,0,0,0,0,0,0,0,0,0,0,0,0,0,1,0,0
Common Cold,0,1,1,1,1,0,0,0,0,0,0,0,0,0,0,0,0,0,0,0,0,0,0,0,0
Common Cold,0,0,0,1,1,1,0,0,0,0,0,0,0,0,0,0,0,0,0,0,0,0,1,0,0
Common Cold,0,1,1,0,0,1,0,0,0,0,0,0,0,0,0,0,0,0,0,0,0,0,1,0,0
Common Cold,0,0,1,1,1,1,0,0,0,0,0,0,0,0,0,0,0,0,0,0,0,0,1,0,1
Common Cold,0,1,1,1,0,1,0,0,0,0,0,0,0,0,0,0,0,0,0,0,0,0,1,0,0
Common Cold,0,0,1,1,1,0,0,0,0,0,0,0,0,0,0,0,0,0,0,0,0,0,0,0,0
Common Cold,0,1,0,1,0,1,0,0,0,0,0,0,0,0,0,0,0,0,0,0,0,0,1,0,0
Common Cold,0,0,1,0,1,1,0,0,0,0,0,0,0,0,0,0,0,0,0,0,0,0,1,0,0
Common Cold,0,1,1,1,1,1,0,0,0,0,0,0,0,0,0,0,0,0,0,0,0,0,1,0,0
Common Cold,0,0,0,1,1,0,0,0,0,0,0,0,0,0,0,0,0,0,0,0,0,0,1,0,0
Common Cold,0,1,1,1,0,0,0,0,0,0,0,0,0,0,0,0,0,0,0,0,0,0,0,0,0
Common Cold,0,0,1,1,1,1,0,0,0,0,0,0,0,0,0,0,0,0,0,0,0,0,1,0,0
Common Cold,0,1,1,0,1,1,0,0,0,0,0,0,0,0,0,0,0,0,0,0,0,0,1,0,0
Influenza,1,1,1,0,1,1,0,0,0,0,0,0,0,0,1,0,0,0,0,1,1,1,0,1,0
Influenza,1,1,1,0,0,1,0,0,0,0,0,0,0,0,1,0,0,0,0,1,0,1,0,1,0
Influenza,1,1,0,0,1,1,0,0,0,0,0,0,0,0,1,0,0,0,0,1,1,1,0,1,0
Influenza,1,0,1,0,0,1,0,1,0,0,0,0,0,0,1,0,0,0,0,1,1,1,0,1,0
Influenza,1,1,1,0,1,1,0,0,0,0,0,0,0,0,0,0,0,0,0,1,1,0,0,1,0
Influenza,1,1,0,0,1,1,0,0,0,0,0,0,0,0,1,0,0,0,0,1,0,1,0,1,0
Influenza,1,0,1,0,0,1,0,1,0,0,0,0,0,0,1,0,0,0,0,1,1,1,0,0,0
Influenza,1,1,1,0,1,0,0,0,0,0,0,0,0,0,1,0,0,0,0,1,0,1,0,1,0
Influenza,1,1,0,0,0,1,0,1,0,0,0,0,0,0,1,0,0,0,0,1,1,0,0,1,0
Influenza,1,0,1,0,1,1,0,0,0,0,0,0,0,0,1,0,0,0,0,1,1,1,0,1,0
Influenza,1,1,1,0,1,1,0,0,0,0,0,0,0,0,1,0,0,0,0,1,1,1,0,0,0
Influenza,1,1,0,0,1,1,0,1,0,0,0,0,0,0,0,0,0,0,0,1,1,1,0,1,0
Influenza,1,0,1,0,0,1,0,0,0,0,0,0,0,0,1,0,0,0,0,1,0,1,0,1,0
Influenza,1,1,1,0,1,1,0,0,0,0,0,0,0,0,1,0,0,0,0,0,1,1,0,1,0
Influenza,1,1,0,0,0,1,0,1,0,0,0,0,0,0,1,0,0,0,0,1,1,0,0,0,0
Hypertension,0,1,0,0,0,1,0,0,0,1,0,1,0,0,0,0,0,0,0,0,0,0,0,0,0
Hypertension,0,1,0,0,0,0,0,0,0,1,0,1,0,0,0,0,0,0,0,0,0,0,0,0,0
Hypertension,0,1,0,0,0,1,0,0,0,0,0,1,0,0,0,0,0,0,0,0,0,0,0,0,0
Hypertension,0,1,0,0,0,0,0,0,0,1,0,0,0,0,0,0,0,0,0,0,0,0,0,0,0
Hypertension,0,0,0,0,0,1,0,0,0,1,0,1,0,0,0,0,0,0,0,0,0,0,0,0,0
Hypertension,0,1,0,0,0,1,0,0,0,1,0,1,0,0,0,0,0,0,0,0,0,0,0,0,0
Hypertension,0,1,0,0,0,0,0,0,0,0,0,1,0,0,0,0,0,0,0,0,0,0,0,0,0
Hypertension,0,0,0,0,0,1,0,0,0,1,0,1,0,0,0,0,0,0,0,0,0,0,0,0,0
Hypertension,0,1,0,0,0,1,0,0,0,1,0,0,0,0,0,0,0,0,0,0,0,0,0,0,0
Hypertension,0,1,0,0,0,0,0,0,0,1,0,1,0,0,0,0,0,0,0,0,0,0,0,0,0
Hypertension,0,1,0,0,0,1,0,0,0,0,0,1,0,0,0,0,0,0,0,0,0,0,0,0,0
Hypertension,0,1,0,0,0,0,0,0,0,1,0,1,0,0,0,0,0,0,0,0,0,0,0,0,0
Hypertension,0,0,0,0,0,1,0,0,0,1,0,0,0,0,0,0,0,0,0,0,0,0,0,0,0
Hypertension,0,1,0,0,0,1,0,0,0,1,0,1,0,0,0,0,0,0,0,0,0,0,0,0,0
Hypertension,0,1,0,0,0,0,0,0,0,0,0,1,0,0,0,0,0,0,0,0,0,0,0,0,0
Diabetes,0,0,0,0,0,1,0,0,0,0,0,1,0,0,0,0,1,1,1,0,0,0,0,0,0
Diabetes,0,0,0,0,0,1,0,0,0,0,0,0,0,0,0,0,0,1,1,0,0,0,0,0,0
Diabetes,0,1,0,0,0,1,0,0,0,0,0,1,0,0,0,0,1,0,1,0,0,0,0,0,0
Diabetes,0,0,0,0,0,1,0,0,0,0,0,0,0,0,0,0,0,1,1,0,0,0,0,0,0
Diabetes,0,0,0,0,0,1,0,0,0,0,0,1,0,0,0,0,1,1,0,0,0,0,0,0,0
Diabetes,0,1,0,0,0,0,0,0,0,0,0,1,0,0,0,0,0,0,1,0,0,0,0,0,0
Diabetes,0,0,0,0,0,1,0,0,0,0,0,0,0,0,0,0,1,1,1,0,0,0,0,0,0
Diabetes,0,0,0,0,0,1,0,0,0,0,0,1,0,0,0,0,0,0,1,0,0,0,0,0,0
Diabetes,0,1,0,0,0,1,0,0,0,0,0,0,0,0,0,0,1,1,1,0,0,0,0,0,0
Diabetes,0,0,0,0,0,0,0,0,0,0,0,1,0,0,0,0,0,1,1,0,0,0,0,0,0
Diabetes,0,0,0,0,0,1,0,0,0,0,0,0,0,0,0,0,1,0,1,0,0,0,0,0,0
Diabetes,0,1,0,0,0,1,0,0,0,0,0,1,0,0,0,0,0,1,1,0,0,0,0,0,0
Diabetes,0,0,0,0,0,1,0,0,0,0,0,0,0,0,0,0,0,1,1,0,0,0,0,0,0
Diabetes,0,0,0,0,0,1,0,0,0,0,0,1,0,0,0,0,1,1,0,0,0,0,0,0,0
Diabetes,0,1,0,0,0,0,0,0,0,0,0,1,0,0,0,0,0,0,1,0,0,0,0,0,0
Malaria,1,1,0,0,0,1,1,1,0,0,0,0,0,1,1,0,0,0,0,1,1,1,0,1,0
Malaria,1,1,0,0,0,1,0,1,0,0,0,0,0,1,1,0,0,0,0,1,1,1,0,0,0
Malaria,1,1,0,0,0,1,1,1,0,0,0,0,0,0,1,0,0,0,0,1,1,1,0,1,0
Malaria,1,0,0,0,0,1,0,1,0,0,0,0,0,1,1,0,0,0,0,1,0,1,0,1,0
Malaria,1,1,0,0,0,1,1,0,0,0,0,0,0,1,0,0,0,0,0,1,1,1,0,0,0
Malaria,1,1,0,0,0,1,0,1,0,0,0,1,0,1,1,0,0,0,0,1,1,0,0,1,0
Malaria,1,0,0,0,0,1,1,1,0,0,0,0,0,0,1,0,0,0,0,1,1,1,0,1,0
Malaria,1,1,0,0,0,1,0,0,0,0,0,0,0,1,1,0,0,0,0,1,0,1,0,1,0
Malaria,1,1,0,0,0,1,1,1,0,0,0,0,0,1,0,0,0,0,0,1,1,1,0,0,0
Malaria,1,0,0,0,0,1,0,1,0,0,0,0,0,1,1,0,0,0,0,1,1,0,0,1,0
Malaria,1,1,0,0,0,1,1,1,0,0,0,1,0,1,1,0,0,0,0,1,1,1,0,1,0
Malaria,1,1,0,0,0,1,0,1,0,0,0,0,0,1,0,0,0,0,0,1,0,1,0,1,0
Malaria,1,0,0,0,0,1,1,0,0,0,0,0,0,1,1,0,0,0,0,1,1,1,0,0,0
Malaria,1,1,0,0,0,1,0,1,0,0,0,0,0,1,1,0,0,0,0,1,1,0,0,1,0
Malaria,1,1,0,0,0,1,1,1,0,0,0,0,0,0,1,0,0,0,0,1,0,1,0,1,0
Typhoid,1,1,0,0,0,1,1,1,1,0,1,0,0,0,0,0,1,0,0,1,1,0,0,0,0
Typhoid,1,1,0,0,0,1,0,1,1,0,1,0,0,0,0,0,1,0,0,1,0,0,0,0,0
Typhoid,1,1,0,0,0,1,1,1,0,0,1,0,0,0,0,0,1,0,0,1,1,0,0,0,0
Typhoid,1,0,0,0,0,1,1,1,1,0,1,0,0,0,0,0,0,0,0,1,1,0,0,0,0
Typhoid,1,1,0,0,0,1,0,1,1,0,0,0,0,0,0,0,1,0,0,1,0,0,0,0,0
Typhoid,1,1,0,0,0,1,1,0,1,0,1,0,0,0,0,0,1,0,0,1,1,0,0,0,0
Typhoid,1,0,0,0,0,1,0,1,1,0,1,0,0,0,0,0,0,0,0,1,0,0,0,0,0
Typhoid,1,1,0,0,0,1,1,1,0,0,1,0,0,0,0,0,1,0,0,1,1,0,0,0,0
Typhoid,1,1,0,0,0,0,0,1,1,0,1,0,0,0,0,0,1,0,0,1,0,0,0,0,0
Typhoid,1,0,0,0,0,1,1,1,1,0,0,0,0,0,0,0,1,0,0,1,1,0,0,0,0
Typhoid,1,1,0,0,0,1,0,1,1,0,1,0,0,0,0,0,0,0,0,1,0,0,0,0,0
Typhoid,1,1,0,0,0,1,1,0,0,0,1,0,0,0,0,0,1,0,0,1,1,0,0,0,0
Typhoid,1,0,0,0,0,1,0,1,1,0,1,0,0,0,0,0,1,0,0,1,0,0,0,0,0
Typhoid,1,1,0,0,0,1,1,1,1,0,0,0,0,0,0,0,1,0,0,1,1,0,0,0,0
Typhoid,1,1,0,0,0,1,0,1,0,0,1,0,0,0,0,0,0,0,0,1,0,0,0,0,0
Pneumonia,1,1,1,0,0,1,0,0,0,1,0,0,1,0,1,0,0,0,0,1,0,1,0,1,0
Pneumonia,1,0,1,0,0,1,0,0,0,1,0,0,1,0,0,0,0,0,0,1,1,1,0,0,0
Pneumonia,1,1,1,0,0,1,0,0,0,1,0,0,1,0,1,0,0,0,0,1,0,0,0,1,0
Pneumonia,1,0,1,0,0,1,0,0,0,0,0,0,1,0,1,0,0,0,0,1,1,1,0,0,0
Pneumonia,1,1,1,0,0,1,0,0,0,1,0,0,1,0,0,0,0,0,0,1,0,1,0,1,0
Pneumonia,1,0,1,0,0,1,0,0,0,1,0,0,1,0,1,0,0,0,0,1,1,0,0,0,0
Pneumonia,1,1,1,0,0,0,0,0,0,1,0,0,1,0,1,0,0,0,0,1,0,1,0,1,0
Pneumonia,1,0,1,0,0,1,0,0,0,1,0,0,1,0,0,0,0,0,0,1,1,1,0,0,0
Pneumonia,1,1,1,0,0,1,0,0,0,0,0,0,1,0,1,0,0,0,0,1,0,0,0,1,0
Pneumonia,1,0,1,0,0,1,0,0,0,1,0,0,1,0,1,0,0,0,0,1,1,1,0,0,0
Pneumonia,1,1,1,0,0,1,0,0,0,1,0,0,1,0,0,0,0,0,0,1,0,1,0,1,0
Pneumonia,1,0,1,0,0,1,0,0,0,1,0,0,0,0,1,0,0,0,0,1,1,0,0,0,0
Pneumonia,1,1,1,0,0,1,0,0,0,1,0,0,1,0,1,0,0,0,0,1,0,1,0,0,0
Pneumonia,1,0,1,0,0,1,0,0,0,0,0,0,1,0,0,0,0,0,0,1,1,1,0,0,0
Pneumonia,1,1,1,0,0,1,0,0,0,1,0,0,1,0,1,0,0,0,0,1,0,0,0,1,0
Dengue,1,1,0,0,0,1,1,1,0,0,0,0,0,1,1,1,1,0,0,1,0,0,0,1,0
Dengue,1,1,0,0,0,1,0,1,0,0,0,0,0,1,1,1,0,0,0,1,1,0,0,1,0
Dengue,1,1,0,0,0,1,1,0,0,0,0,0,0,1,1,1,1,0,0,1,0,0,0,0,0
Dengue,1,0,0,0,0,1,0,1,0,0,0,0,0,1,1,0,1,0,0,1,1,0,0,1,0
Dengue,1,1,0,0,0,1,1,1,0,0,0,0,0,1,0,1,1,0,0,1,0,0,0,1,0
Dengue,1,1,0,0,0,1,0,1,0,0,0,0,0,1,1,1,0,0,0,1,1,0,0,0,0
Dengue,1,0,0,0,0,1,1,0,0,0,0,0,0,1,1,1,1,0,0,1,0,0,0,1,0
Dengue,1,1,0,0,0,1,0,1,0,0,0,0,0,0,1,1,1,0,0,1,1,0,0,1,0
Dengue,1,1,0,0,0,1,1,1,0,0,0,0,0,1,1,0,1,0,0,1,0,0,0,0,0
Dengue,1,0,0,0,0,1,0,1,0,0,0,0,0,1,1,1,0,0,0,1,1,0,0,1,0
Dengue,1,1,0,0,0,1,1,0,0,0,0,0,0,1,0,1,1,0,0,1,0,0,0,1,0
Dengue,1,1,0,0,0,1,0,1,0,0,0,0,0,1,1,1,1,0,0,1,1,0,0,0,0
Dengue,1,0,0,0,0,1,1,1,0,0,0,0,0,1,1,0,1,0,0,1,0,0,0,1,0
Dengue,1,1,0,0,0,1,0,0,0,0,0,0,0,1,1,1,1,0,0,1,1,0,0,1,0
Dengue,1,1,0,0,0,1,1,1,0,0,0,0,0,1,1,1,0,0,0,1,0,0,0,0,0
Asthma,0,0,1,0,0,1,0,0,0,1,0,0,1,0,0,0,0,0,0,0,0,0,0,0,0
Asthma,0,0,1,0,0,1,0,0,0,1,0,0,1,0,0,0,0,0,0,0,0,0,0,0,0
Asthma,0,0,1,0,0,0,0,0,0,1,0,0,1,0,0,0,0,0,0,0,0,0,0,0,0
Asthma,0,0,1,0,0,1,0,0,0,0,0,0,1,0,0,0,0,0,0,0,0,0,0,0,0
Asthma,0,0,1,0,0,1,0,0,0,1,0,0,1,0,0,0,0,0,0,0,0,0,0,0,0
Asthma,0,0,0,0,0,1,0,0,0,1,0,0,1,0,0,0,0,0,0,0,0,0,0,0,0
Asthma,0,0,1,0,0,1,0,0,0,1,0,0,1,0,0,0,0,0,0,0,0,0,0,0,0
Asthma,0,0,1,0,0,0,0,0,0,1,0,0,1,0,0,0,0,0,0,0,0,0,0,0,0
Asthma,0,0,1,0,0,1,0,0,0,0,0,0,1,0,0,0,0,0,0,0,0,0,0,0,0
Asthma,0,0,1,0,0,1,0,0,0,1,0,0,1,0,0,0,0,0,0,0,0,0,0,0,0
Asthma,0,0,0,0,0,1,0,0,0,1,0,0,1,0,0,0,0,0,0,0,0,0,0,0,0
Asthma,0,0,1,0,0,1,0,0,0,1,0,0,1,0,0,0,0,0,0,0,0,0,0,0,0
Asthma,0,0,1,0,0,0,0,0,0,0,0,0,1,0,0,0,0,0,0,0,0,0,0,0,0
Asthma,0,0,1,0,0,1,0,0,0,1,0,0,1,0,0,0,0,0,0,0,0,0,0,0,0
Asthma,0,0,1,0,0,1,0,0,0,1,0,0,0,0,0,0,0,0,0,0,0,0,0,0,0
Migraine,0,1,0,0,0,1,1,1,0,0,0,1,0,0,0,0,1,0,0,0,0,0,0,0,0
Migraine,0,1,0,0,0,0,0,1,0,0,0,1,0,0,0,0,0,0,0,0,0,0,0,0,0
Migraine,0,1,0,0,0,1,1,0,0,0,0,1,0,0,0,0,1,0,0,0,0,0,0,0,0
Migraine,0,1,0,0,0,1,0,1,0,0,0,1,0,0,0,0,0,0,0,0,0,0,0,0,0
Migraine,0,1,0,0,0,0,1,1,0,0,0,1,0,0,0,0,1,0,0,0,0,0,0,0,0
Migraine,0,1,0,0,0,1,0,0,0,0,0,1,0,0,0,0,0,0,0,0,0,0,0,0,0
Migraine,0,1,0,0,0,1,1,1,0,0,0,1,0,0,0,0,1,0,0,0,0,0,0,0,0
Migraine,0,1,0,0,0,0,0,1,0,0,0,1,0,0,0,0,0,0,0,0,0,0,0,0,0
Migraine,0,1,0,0,0,1,1,0,0,0,0,0,0,0,0,0,1,0,0,0,0,0,0,0,0
Migraine,0,1,0,0,0,1,0,1,0,0,0,1,0,0,0,0,0,0,0,0,0,0,0,0,0
Migraine,0,1,0,0,0,0,1,1,0,0,0,1,0,0,0,0,1,0,0,0,0,0,0,0,0
Migraine,0,1,0,0,0,1,0,0,0,0,0,1,0,0,0,0,0,0,0,0,0,0,0,0,0
Migraine,0,1,0,0,0,1,1,1,0,0,0,1,0,0,0,0,0,0,0,0,0,0,0,0,0
Migraine,0,1,0,0,0,0,0,1,0,0,0,0,0,0,0,0,1,0,0,0,0,0,0,0,0
Migraine,0,1,0,0,0,1,1,0,0,0,0,1,0,0,0,0,1,0,0,0,0,0,0,0,0
Gastroenteritis,1,0,0,0,0,1,1,1,1,0,1,0,0,0,0,0,1,0,0,1,0,0,0,0,0
Gastroenteritis,1,0,0,0,0,1,1,1,1,0,1,0,0,0,0,0,0,0,0,0,0,0,0,0,0
Gastroenteritis,1,0,0,0,0,1,1,0,1,0,1,0,0,0,0,0,1,0,0,1,0,0,0,0,0
Gastroenteritis,0,0,0,0,0,1,1,1,1,0,1,0,0,0,0,0,0,0,0,0,0,0,0,0,0
Gastroenteritis,1,0,0,0,0,0,1,1,1,0,1,0,0,0,0,0,1,0,0,1,0,0,0,0,0
Gastroenteritis,1,0,0,0,0,1,0,1,1,0,1,0,0,0,0,0,0,0,0,0,0,0,0,0,0
Gastroenteritis,1,0,0,0,0,1,1,1,0,0,1,0,0,0,0,0,1,0,0,1,0,0,0,0,0
Gastroenteritis,0,0,0,0,0,1,1,0,1,0,1,0,0,0,0,0,0,0,0,0,0,0,0,0,0
Gastroenteritis,1,0,0,0,0,1,1,1,1,0,0,0,0,0,0,0,1,0,0,1,0,0,0,0,0
Gastroenteritis,1,0,0,0,0,0,0,1,1,0,1,0,0,0,0,0,0,0,0,0,0,0,0,0,0
Gastroenteritis,1,0,0,0,0,1,1,1,1,0,1,0,0,0,0,0,1,0,0,1,0,0,0,0,0
Gastroenteritis,0,0,0,0,0,1,0,1,1,0,1,0,0,0,0,0,0,0,0,0,0,0,0,0,0
Gastroenteritis,1,0,0,0,0,1,1,0,1,0,1,0,0,0,0,0,1,0,0,1,0,0,0,0,0
Gastroenteritis,1,0,0,0,0,1,1,1,0,0,0,0,0,0,0,0,0,0,0,0,0,0,0,0,0
Gastroenteritis,0,0,0,0,0,1,0,1,1,0,1,0,0,0,0,0,1,0,0,1,0,0,0,0,0
UTI,1,0,0,0,0,1,0,0,0,0,1,0,0,0,0,0,0,0,1,1,0,0,0,0,0
UTI,1,0,0,0,0,1,0,0,0,0,1,0,0,0,0,0,0,0,1,0,0,0,0,0,0
UTI,0,0,0,0,0,1,0,0,0,0,1,0,0,0,0,0,0,0,1,1,0,0,0,0,0
UTI,1,0,0,0,0,1,0,0,0,0,0,0,0,0,0,0,0,0,1,1,0,0,0,0,0
UTI,1,0,0,0,0,0,0,0,0,0,1,0,0,0,0,0,0,0,1,0,0,0,0,0,0
UTI,0,0,0,0,0,1,0,0,0,0,1,0,0,0,0,0,0,0,1,0,0,0,0,0,0
UTI,1,0,0,0,0,1,0,0,0,0,1,0,0,0,0,0,0,0,1,1,0,0,0,0,0
UTI,1,0,0,0,0,1,0,0,0,0,0,0,0,0,0,0,0,0,1,0,0,0,0,0,0
UTI,0,0,0,0,0,0,0,0,0,0,1,0,0,0,0,0,0,0,1,1,0,0,0,0,0
UTI,1,0,0,0,0,1,0,0,0,0,1,0,0,0,0,0,0,0,1,1,0,0,0,0,0
UTI,0,0,0,0,0,1,0,0,0,0,0,0,0,0,0,0,0,0,1,0,0,0,0,0,0
UTI,1,0,0,0,0,1,0,0,0,0,1,0,0,0,0,0,0,0,1,1,0,0,0,0,0
UTI,0,0,0,0,0,1,0,0,0,0,1,0,0,0,0,0,0,0,1,0,0,0,0,0,0
UTI,1,0,0,0,0,0,0,0,0,0,0,0,0,0,0,0,0,0,1,1,0,0,0,0,0
UTI,0,0,0,0,0,1,0,0,0,0,1,0,0,0,0,0,0,0,1,1,0,0,0,0,0
Anxiety Disorder,0,1,0,0,0,1,0,0,0,1,0,1,0,0,0,0,0,0,0,0,1,0,0,0,0
Anxiety Disorder,0,1,0,0,0,1,0,0,0,1,0,1,0,0,0,0,0,0,0,0,0,0,0,0,0
Anxiety Disorder,0,1,0,0,0,1,0,0,0,0,0,1,0,0,0,0,0,0,0,0,1,0,0,0,0
Anxiety Disorder,0,0,0,0,0,1,0,0,0,1,0,1,0,0,0,0,0,0,0,0,0,0,0,0,0
Anxiety Disorder,0,1,0,0,0,1,0,0,0,1,0,0,0,0,0,0,0,0,0,0,1,0,0,0,0
Anxiety Disorder,0,1,0,0,0,0,0,0,0,1,0,1,0,0,0,0,0,0,0,0,0,0,0,0,0
Anxiety Disorder,0,1,0,0,0,1,0,0,0,0,0,1,0,0,0,0,0,0,0,0,1,0,0,0,0
Anxiety Disorder,0,0,0,0,0,1,0,0,0,1,0,1,0,0,0,0,0,0,0,0,0,0,0,0,0
Anxiety Disorder,0,1,0,0,0,1,0,0,0,1,0,0,0,0,0,0,0,0,0,0,1,0,0,0,0
Anxiety Disorder,0,1,0,0,0,0,0,0,0,0,0,1,0,0,0,0,0,0,0,0,0,0,0,0,0
Anxiety Disorder,0,1,0,0,0,1,0,0,0,1,0,1,0,0,0,0,0,0,0,0,1,0,0,0,0
Anxiety Disorder,0,0,0,0,0,1,0,0,0,1,0,0,0,0,0,0,0,0,0,0,0,0,0,0,0
Anxiety Disorder,0,1,0,0,0,1,0,0,0,0,0,1,0,0,0,0,0,0,0,0,1,0,0,0,0
Anxiety Disorder,0,1,0,0,0,1,0,0,0,1,0,1,0,0,0,0,0,0,0,0,0,0,0,0,0
Anxiety Disorder,0,0,0,0,0,1,0,0,0,0,0,1,0,0,0,0,0,0,0,0,1,0,0,0,0
Anemia,0,1,0,0,0,1,0,0,0,0,0,1,0,0,0,0,1,1,0,0,0,0,0,0,0
Anemia,0,1,0,0,0,1,0,0,0,0,0,1,0,0,0,0,0,1,0,0,0,0,0,0,0
Anemia,0,0,0,0,0,1,0,0,0,0,0,1,0,0,0,0,1,1,0,0,0,0,0,0,0
Anemia,0,1,0,0,0,1,0,0,0,0,0,0,0,0,0,0,0,1,0,0,0,0,0,0,0
Anemia,0,1,0,0,0,1,0,0,0,0,0,1,0,0,0,0,1,0,0,0,0,0,0,0,0
Anemia,0,0,0,0,0,1,0,0,0,0,0,1,0,0,0,0,0,1,0,0,0,0,0,0,0
Anemia,0,1,0,0,0,1,0,0,0,0,0,0,0,0,0,0,1,1,0,0,0,0,0,0,0
Anemia,0,1,0,0,0,1,0,0,0,0,0,1,0,0,0,0,0,0,0,0,0,0,0,0,0
Anemia,0,0,0,0,0,1,0,0,0,0,0,1,0,0,0,0,1,1,0,0,0,0,0,0,0
Anemia,0,1,0,0,0,1,0,0,0,0,0,0,0,0,0,0,0,1,0,0,0,0,0,0,0
Anemia,0,1,0,0,0,1,0,0,0,0,0,1,0,0,0,0,1,0,0,0,0,0,0,0,0
Anemia,0,0,0,0,0,1,0,0,0,0,0,1,0,0,0,0,0,1,0,0,0,0,0,0,0
Anemia,0,1,0,0,0,1,0,0,0,0,0,0,0,0,0,0,1,1,0,0,0,0,0,0,0
Anemia,0,1,0,0,0,1,0,0,0,0,0,1,0,0,0,0,0,0,0,0,0,0,0,0,0
Anemia,0,0,0,0,0,1,0,0,0,0,0,0,0,0,0,0,1,1,0,0,0,0,0,0,0
COVID-19,1,1,1,0,1,1,0,0,0,0,0,0,1,0,1,0,1,0,0,1,0,0,0,1,0
COVID-19,1,1,1,0,1,1,0,0,0,0,0,0,1,0,0,0,1,0,0,1,0,0,0,0,0
COVID-19,1,0,1,0,0,1,0,0,0,0,0,0,1,0,1,0,1,0,0,1,0,0,0,1,0
COVID-19,1,1,1,0,1,1,0,0,0,0,0,0,0,0,1,0,1,0,0,1,0,0,0,1,0
COVID-19,1,0,1,0,1,1,0,0,0,0,0,0,1,0,0,0,0,0,0,1,0,0,0,1,0
COVID-19,1,1,1,0,0,1,0,0,0,0,0,0,1,0,1,0,1,0,0,1,0,0,0,0,0
COVID-19,1,1,0,0,1,1,0,0,0,0,0,0,1,0,1,0,1,0,0,1,0,0,0,1,0
COVID-19,1,0,1,0,1,1,0,0,0,0,0,0,1,0,0,0,1,0,0,1,0,0,0,0,0
COVID-19,1,1,1,0,0,1,0,0,0,0,0,0,1,0,1,0,0,0,0,1,0,0,0,1,0
COVID-19,1,1,0,0,1,1,0,0,0,0,0,0,1,0,1,0,1,0,0,1,0,0,0,0,0
COVID-19,1,0,1,0,0,1,0,0,0,0,0,0,1,0,0,0,1,0,0,1,0,0,0,1,0
COVID-19,1,1,1,0,1,1,0,0,0,0,0,0,1,0,1,0,0,0,0,1,0,0,0,1,0
COVID-19,1,0,1,0,1,1,0,0,0,0,0,0,1,0,0,0,1,0,0,1,0,0,0,0,0
COVID-19,1,1,0,0,0,1,0,0,0,0,0,0,1,0,1,0,1,0,0,1,0,0,0,1,0
COVID-19,1,0,1,0,1,1,0,0,0,0,0,0,1,0,1,0,1,0,0,1,0,0,0,0,0
